date,symbol,signal,close,executed_entry,executed_exit
2020-01-27T00:00:00Z,NVDA_GoogleFinance_AutoUpToDate,BUY,5.97125144,PENDING,""
2020-02-06T00:00:00Z,NVDA_GoogleFinance_AutoUpToDate,SELL,6.280503596,"",PENDING
2020-02-24T00:00:00Z,NVDA_GoogleFinance_AutoUpToDate,BUY,6.793603636,PENDING,""
2020-03-03T00:00:00Z,NVDA_GoogleFinance_AutoUpToDate,SELL,6.721291037,"",PENDING
2020-04-21T00:00:00Z,NVDA_GoogleFinance_AutoUpToDate,BUY,6.704127119,PENDING,""
2020-05-01T00:00:00Z,NVDA_GoogleFinance_AutoUpToDate,SELL,6.986958647,"",PENDING
2020-05-28T00:00:00Z,NVDA_GoogleFinance_AutoUpToDate,BUY,8.444647969,PENDING,""
2020-06-08T00:00:00Z,NVDA_GoogleFinance_AutoUpToDate,SELL,8.760081277,"",PENDING
2020-08-11T00:00:00Z,NVDA_GoogleFinance_AutoUpToDate,BUY,10.80078203,PENDING,""
2020-08-18T00:00:00Z,NVDA_GoogleFinance_AutoUpToDate,SELL,12.20513256,"",PENDING
2020-08-20T00:00:00Z,NVDA_GoogleFinance_AutoUpToDate,BUY,12.08592577,PENDING,""
2020-08-31T00:00:00Z,NVDA_GoogleFinance_AutoUpToDate,SELL,13.42273539,"",PENDING
2020-09-18T00:00:00Z,NVDA_GoogleFinance_AutoUpToDate,BUY,12.13746864,PENDING,""
2020-09-28T00:00:00Z,NVDA_GoogleFinance_AutoUpToDate,SELL,12.88253999,"",PENDING
2020-10-15T00:00:00Z,NVDA_GoogleFinance_AutoUpToDate,BUY,13.91065381,PENDING,""
2020-10-22T00:00:00Z,NVDA_GoogleFinance_AutoUpToDate,SELL,13.39286283,"",PENDING
2020-11-20T00:00:00Z,NVDA_GoogleFinance_AutoUpToDate,BUY,13.03215171,PENDING,""
2020-11-30T00:00:00Z,NVDA_GoogleFinance_AutoUpToDate,SELL,13.43493335,"",PENDING
2020-12-10T00:00:00Z,NVDA_GoogleFinance_AutoUpToDate,BUY,12.92099938,PENDING,""
2020-12-14T00:00:00Z,NVDA_GoogleFinance_AutoUpToDate,SELL,13.25616994,"",PENDING
2020-12-23T00:00:00Z,NVDA_GoogleFinance_AutoUpToDate,BUY,12.9578532,PENDING,""
2021-01-04T00:00:00Z,NVDA_GoogleFinance_AutoUpToDate,SELL,13.04799566,"",PENDING
2021-01-14T00:00:00Z,NVDA_GoogleFinance_AutoUpToDate,BUY,13.1480986,PENDING,""
2021-01-25T00:00:00Z,NVDA_GoogleFinance_AutoUpToDate,SELL,13.52678655,"",PENDING
2021-01-26T00:00:00Z,NVDA_GoogleFinance_AutoUpToDate,BUY,13.38217017,PENDING,""
2021-02-02T00:00:00Z,NVDA_GoogleFinance_AutoUpToDate,SELL,13.50319015,"",PENDING
2021-02-22T00:00:00Z,NVDA_GoogleFinance_AutoUpToDate,BUY,14.29903347,PENDING,""
2021-03-01T00:00:00Z,NVDA_GoogleFinance_AutoUpToDate,SELL,13.84508404,"",PENDING
2021-03-05T00:00:00Z,NVDA_GoogleFinance_AutoUpToDate,BUY,12.41226725,PENDING,""
2021-03-11T00:00:00Z,NVDA_GoogleFinance_AutoUpToDate,SELL,12.94630022,"",PENDING
2021-03-25T00:00:00Z,NVDA_GoogleFinance_AutoUpToDate,BUY,12.48971485,PENDING,""
2021-04-05T00:00:00Z,NVDA_GoogleFinance_AutoUpToDate,SELL,13.94882272,"",PENDING
2021-04-20T00:00:00Z,NVDA_GoogleFinance_AutoUpToDate,BUY,15.1161394,PENDING,""
2021-04-30T00:00:00Z,NVDA_GoogleFinance_AutoUpToDate,SELL,15.0700574,"",PENDING
2021-06-09T00:00:00Z,NVDA_GoogleFinance_AutoUpToDate,BUY,17.29918044,PENDING,""
2021-06-18T00:00:00Z,NVDA_GoogleFinance_AutoUpToDate,SELL,18.57532294,"",PENDING
2021-07-27T00:00:00Z,NVDA_GoogleFinance_AutoUpToDate,BUY,19.1426358,PENDING,""
2021-08-06T00:00:00Z,NVDA_GoogleFinance_AutoUpToDate,SELL,20.37642293,"",PENDING
2021-08-10T00:00:00Z,NVDA_GoogleFinance_AutoUpToDate,BUY,19.86815844,PENDING,""
2021-08-17T00:00:00Z,NVDA_GoogleFinance_AutoUpToDate,SELL,19.43364214,"",PENDING
2021-09-09T00:00:00Z,NVDA_GoogleFinance_AutoUpToDate,BUY,22.10548174,PENDING,""
2021-09-17T00:00:00Z,NVDA_GoogleFinance_AutoUpToDate,SELL,21.07780659,"",PENDING
2021-09-21T00:00:00Z,NVDA_GoogleFinance_AutoUpToDate,BUY,21.17748411,PENDING,""
2021-09-28T00:00:00Z,NVDA_GoogleFinance_AutoUpToDate,SELL,20.87197253,"",PENDING
2021-10-12T00:00:00Z,NVDA_GoogleFinance_AutoUpToDate,BUY,20.60433841,PENDING,""
2021-10-22T00:00:00Z,NVDA_GoogleFinance_AutoUpToDate,SELL,22.89891473,"",PENDING
2021-11-17T00:00:00Z,NVDA_GoogleFinance_AutoUpToDate,BUY,29.16663666,PENDING,""
2021-11-29T00:00:00Z,NVDA_GoogleFinance_AutoUpToDate,SELL,33.06203381,"",PENDING
2021-12-10T00:00:00Z,NVDA_GoogleFinance_AutoUpToDate,BUY,30.10444514,PENDING,""
2021-12-17T00:00:00Z,NVDA_GoogleFinance_AutoUpToDate,SELL,27.2204078,"",PENDING
2021-12-30T00:00:00Z,NVDA_GoogleFinance_AutoUpToDate,BUY,29.49434115,PENDING,""
2022-01-06T00:00:00Z,NVDA_GoogleFinance_AutoUpToDate,SELL,28.05381783,"",PENDING
2023-03-13T00:00:00Z,NVDA_GoogleFinance_AutoUpToDate,BUY,22.91957469,PENDING,""
2023-03-23T00:00:00Z,NVDA_GoogleFinance_AutoUpToDate,SELL,26.97635737,"",PENDING
2023-03-28T00:00:00Z,NVDA_GoogleFinance_AutoUpToDate,BUY,26.35661271,PENDING,""
2023-04-10T00:00:00Z,NVDA_GoogleFinance_AutoUpToDate,SELL,27.6674575,"",PENDING
2023-04-13T00:00:00Z,NVDA_GoogleFinance_AutoUpToDate,BUY,26.40950557,PENDING,""
2023-04-17T00:00:00Z,NVDA_GoogleFinance_AutoUpToDate,SELL,26.94741599,"",PENDING
2023-04-24T00:00:00Z,NVDA_GoogleFinance_AutoUpToDate,BUY,26.98733513,PENDING,""
2023-04-28T00:00:00Z,NVDA_GoogleFinance_AutoUpToDate,SELL,27.69290595,"",PENDING
2023-05-04T00:00:00Z,NVDA_GoogleFinance_AutoUpToDate,BUY,27.50628396,PENDING,""
2023-05-15T00:00:00Z,NVDA_GoogleFinance_AutoUpToDate,SELL,28.78269849,"",PENDING
2023-05-23T00:00:00Z,NVDA_GoogleFinance_AutoUpToDate,BUY,30.62596482,PENDING,""
2023-05-25T00:00:00Z,NVDA_GoogleFinance_AutoUpToDate,SELL,37.90322418,"",PENDING
2023-06-06T00:00:00Z,NVDA_GoogleFinance_AutoUpToDate,BUY,38.57586171,PENDING,""
2023-06-12T00:00:00Z,NVDA_GoogleFinance_AutoUpToDate,SELL,39.40639363,"",PENDING
2023-06-23T00:00:00Z,NVDA_GoogleFinance_AutoUpToDate,BUY,42.12817153,PENDING,""
2023-07-03T00:00:00Z,NVDA_GoogleFinance_AutoUpToDate,SELL,42.05431324,"",PENDING
2023-07-21T00:00:00Z,NVDA_GoogleFinance_AutoUpToDate,BUY,44.22415012,PENDING,""
2023-07-28T00:00:00Z,NVDA_GoogleFinance_AutoUpToDate,SELL,46.66047571,"",PENDING
2023-08-03T00:00:00Z,NVDA_GoogleFinance_AutoUpToDate,BUY,44.42975564,PENDING,""
2023-08-07T00:00:00Z,NVDA_GoogleFinance_AutoUpToDate,SELL,45.32952931,"",PENDING
2023-08-18T00:00:00Z,NVDA_GoogleFinance_AutoUpToDate,BUY,43.21608423,PENDING,""
2023-08-28T00:00:00Z,NVDA_GoogleFinance_AutoUpToDate,SELL,46.57663657,"",PENDING
2023-09-05T00:00:00Z,NVDA_GoogleFinance_AutoUpToDate,BUY,48.45503262,PENDING,""
2023-09-12T00:00:00Z,NVDA_GoogleFinance_AutoUpToDate,SELL,44.51837644,"",PENDING
2023-09-18T00:00:00Z,NVDA_GoogleFinance_AutoUpToDate,BUY,43.88553673,PENDING,""
2023-09-25T00:00:00Z,NVDA_GoogleFinance_AutoUpToDate,SELL,41.92413293,"",PENDING
2023-10-27T00:00:00Z,NVDA_GoogleFinance_AutoUpToDate,BUY,40.42587995,PENDING,""
2023-11-02T00:00:00Z,NVDA_GoogleFinance_AutoUpToDate,SELL,43.42637859,"",PENDING
2023-11-24T00:00:00Z,NVDA_GoogleFinance_AutoUpToDate,BUY,47.68856396,PENDING,""
2023-12-01T00:00:00Z,NVDA_GoogleFinance_AutoUpToDate,SELL,45.99267334,"",PENDING
2024-01-02T00:00:00Z,NVDA_GoogleFinance_AutoUpToDate,BUY,48.08397659,PENDING,""
2024-01-10T00:00:00Z,NVDA_GoogleFinance_AutoUpToDate,SELL,54.25519282,"",PENDING
2024-02-20T00:00:00Z,NVDA_GoogleFinance_AutoUpToDate,BUY,69.33084915,PENDING,""
2024-03-01T00:00:00Z,NVDA_GoogleFinance_AutoUpToDate,SELL,83.98324511,"",PENDING
2024-03-15T00:00:00Z,NVDA_GoogleFinance_AutoUpToDate,BUY,87.68735956,PENDING,""
2024-03-19T00:00:00Z,NVDA_GoogleFinance_AutoUpToDate,SELL,89.24620823,"",PENDING
2024-03-27T00:00:00Z,NVDA_GoogleFinance_AutoUpToDate,BUY,90.0967616,PENDING,""
2024-04-03T00:00:00Z,NVDA_GoogleFinance_AutoUpToDate,SELL,90.25249672,"",PENDING
2024-05-01T00:00:00Z,NVDA_GoogleFinance_AutoUpToDate,BUY,82.90000199,PENDING,""
2024-05-13T00:00:00Z,NVDA_GoogleFinance_AutoUpToDate,SELL,89.44686695,"",PENDING
2024-05-31T00:00:00Z,NVDA_GoogleFinance_AutoUpToDate,BUY,109.4468506,PENDING,""
2024-06-10T00:00:00Z,NVDA_GoogleFinance_AutoUpToDate,SELL,121.5732968,"",PENDING
2024-06-24T00:00:00Z,NVDA_GoogleFinance_AutoUpToDate,BUY,117.919209,PENDING,""
2024-07-05T00:00:00Z,NVDA_GoogleFinance_AutoUpToDate,SELL,127.2840569,"",PENDING
2024-08-29T00:00:00Z,NVDA_GoogleFinance_AutoUpToDate,BUY,117.400049,PENDING,""
2024-09-04T00:00:00Z,NVDA_GoogleFinance_AutoUpToDate,SELL,104.8154107,"",PENDING
2024-09-17T00:00:00Z,NVDA_GoogleFinance_AutoUpToDate,BUY,115.4129661,PENDING,""
2024-09-27T00:00:00Z,NVDA_GoogleFinance_AutoUpToDate,SELL,118.1288003,"",PENDING
2024-09-30T00:00:00Z,NVDA_GoogleFinance_AutoUpToDate,BUY,121.2540064,PENDING,""
2024-10-09T00:00:00Z,NVDA_GoogleFinance_AutoUpToDate,SELL,132.4468376,"",PENDING
2024-10-24T00:00:00Z,NVDA_GoogleFinance_AutoUpToDate,BUY,140.1949526,PENDING,""
2024-10-31T00:00:00Z,NVDA_GoogleFinance_AutoUpToDate,SELL,134.4936979,"",PENDING
2024-11-15T00:00:00Z,NVDA_GoogleFinance_AutoUpToDate,BUY,141.7625481,PENDING,""
2024-11-22T00:00:00Z,NVDA_GoogleFinance_AutoUpToDate,SELL,141.7725327,"",PENDING
2024-11-26T00:00:00Z,NVDA_GoogleFinance_AutoUpToDate,BUY,136.7102978,PENDING,""
2024-12-03T00:00:00Z,NVDA_GoogleFinance_AutoUpToDate,SELL,140.0451823,"",PENDING
2024-12-09T00:00:00Z,NVDA_GoogleFinance_AutoUpToDate,BUY,138.6069576,PENDING,""
2024-12-16T00:00:00Z,NVDA_GoogleFinance_AutoUpToDate,SELL,128.9011754,"",PENDING
2024-12-27T00:00:00Z,NVDA_GoogleFinance_AutoUpToDate,BUY,136.8095905,PENDING,""
2025-01-06T00:00:00Z,NVDA_GoogleFinance_AutoUpToDate,SELL,152.8061575,"",PENDING
2025-01-10T00:00:00Z,NVDA_GoogleFinance_AutoUpToDate,BUY,135.7111995,PENDING,""
2025-01-21T00:00:00Z,NVDA_GoogleFinance_AutoUpToDate,SELL,144.4484006,"",PENDING
2025-01-31T00:00:00Z,NVDA_GoogleFinance_AutoUpToDate,BUY,119.8943693,PENDING,""
2025-02-06T00:00:00Z,NVDA_GoogleFinance_AutoUpToDate,SELL,128.4917751,"",PENDING
2025-02-21T00:00:00Z,NVDA_GoogleFinance_AutoUpToDate,BUY,134.2333644,PENDING,""
2025-02-27T00:00:00Z,NVDA_GoogleFinance_AutoUpToDate,SELL,117.8473679,"",PENDING
2025-05-21T00:00:00Z,NVDA_GoogleFinance_AutoUpToDate,BUY,131.6185823,PENDING,""
2025-06-02T00:00:00Z,NVDA_GoogleFinance_AutoUpToDate,SELL,138.5889746,"",PENDING
2025-07-22T00:00:00Z,NVDA_GoogleFinance_AutoUpToDate,BUY,166.8117678,PENDING,""
2025-07-25T00:00:00Z,NVDA_GoogleFinance_AutoUpToDate,SELL,173.2733145,"",PENDING
2025-08-21T00:00:00Z,NVDA_GoogleFinance_AutoUpToDate,BUY,174.7513808,PENDING,""
2025-08-25T00:00:00Z,NVDA_GoogleFinance_AutoUpToDate,SELL,179.5750702,"",PENDING
2025-09-17T00:00:00Z,NVDA_GoogleFinance_AutoUpToDate,BUY,170.0771076,PENDING,""
2025-09-29T00:00:00Z,NVDA_GoogleFinance_AutoUpToDate,SELL,181.852368,"",PENDING
2025-10-07T00:00:00Z,NVDA_GoogleFinance_AutoUpToDate,BUY,184.8086675,PENDING,""
2025-10-14T00:00:00Z,NVDA_GoogleFinance_AutoUpToDate,SELL,184.5689675,"",PENDING
2025-10-22T00:00:00Z,NVDA_GoogleFinance_AutoUpToDate,BUY,180.0546183,PENDING,""
2025-11-03T00:00:00Z,NVDA_GoogleFinance_AutoUpToDate,SELL,202.7462143,"",PENDING
2025-11-06T00:00:00Z,NVDA_GoogleFinance_AutoUpToDate,BUY,187.8448669,PENDING,""
2025-11-13T00:00:00Z,NVDA_GoogleFinance_AutoUpToDate,SELL,182.6313929,"",PENDING
2025-12-11T00:00:00Z,NVDA_GoogleFinance_AutoUpToDate,BUY,180.7136598,PENDING,""
2025-12-18T00:00:00Z,NVDA_GoogleFinance_AutoUpToDate,SELL,176.4537595,"",PENDING
2025-12-31T00:00:00Z,NVDA_GoogleFinance_AutoUpToDate,BUY,186.2769997,PENDING,""
2026-01-08T00:00:00Z,NVDA_GoogleFinance_AutoUpToDate,SELL,184.8586976,"",PENDING
2026-02-02T00:00:00Z,NVDA_GoogleFinance_AutoUpToDate,BUY,185.3880638,PENDING,""
2026-02-09T00:00:00Z,NVDA_GoogleFinance_AutoUpToDate,SELL,189.8127668,"",PENDING
2026-02-13T00:00:00Z,NVDA_GoogleFinance_AutoUpToDate,BUY,182.5914118,PENDING,""
2026-02-19T00:00:00Z,NVDA_GoogleFinance_AutoUpToDate,SELL,187.6753257,"",PENDING
2026-03-19T00:00:00Z,NVDA_GoogleFinance_AutoUpToDate,BUY,178.3560806,PENDING,""
2026-03-25T00:00:00Z,NVDA_GoogleFinance_AutoUpToDate,SELL,178.4759435,"",PENDING
2026-04-30T00:00:00Z,NVDA_GoogleFinance_AutoUpToDate,BUY,199.3420867,PENDING,""
2026-05-06T00:00:00Z,NVDA_GoogleFinance_AutoUpToDate,SELL,207.5926536,"",PENDING
2026-05-19T00:00:00Z,NVDA_GoogleFinance_AutoUpToDate,BUY,220.3580586,PENDING,""
2026-05-26T00:00:00Z,NVDA_GoogleFinance_AutoUpToDate,SELL,213.8754703,"",PENDING
2026-05-27T00:00:00Z,NVDA_GoogleFinance_AutoUpToDate,BUY,212.3572062,PENDING,""
2026-06-05T00:00:00Z,NVDA_GoogleFinance_AutoUpToDate,SELL,210.18,"",PENDING
2026-07-17T00:00:00Z,NVDA_GoogleFinance_AutoUpToDate,BUY,202.81,PENDING,""
2026-07-22T00:00:00Z,NVDA_GoogleFinance_AutoUpToDate,SELL,212.06,"",PENDING
2026-07-28T00:00:00Z,NVDA_GoogleFinance_AutoUpToDate,BUY,197.01,PENDING,""
2026-08-03T00:00:00Z,NVDA_GoogleFinance_AutoUpToDate,SELL,206.64,"",PENDING
